student_id,age,city,hours_studied,attendance,prev_score,internet,score,passed
1001,19,Bhopal,5.5,99.0,69.0,Yes,76.0,Yes
1002,23,Bhopal,3.1,60.0,54.0,Yes,52.0,No
1003,22,Bhopal,6.4,88.0,80.0,Yes,97.0,Yes
1004,23,Indore,6.7,74.0,53.0,Yes,75.0,Yes
1005,18,Delhi,1.5,77.0,53.0,No,45.0,No
1006,23,indore,2.7,65.0,70.0,Yes,57.0,No
1007,19,Indore,5.2,74.0,73.0,No,79.0,Yes
1008,21,Delhi,4.4,,68.0,Yes,76.0,Yes
1009,21,Delhi,5.0,85.0,38.0,Yes,67.0,Yes
1010,23,Bhopal,3.5,99.0,70.0,No,69.0,Yes
1011,19,Indore,6.6,92.0,48.0,Yes,80.0,Yes
1012,19,Delhi,6.4,83.0,65.0,Yes,79.0,Yes
1013,20,Pune,5.1,99.0,42.0,Yes,90.0,Yes
1014,20,Delhi,7.0,83.0,,Yes,90.0,Yes
1015,19,Pune,5.8,88.0,51.0,Yes,84.0,Yes
1016,19,Pune,3.5,74.0,44.0,No,59.0,No
1017,19,Indore,5.7,79.0,72.0,No,79.0,Yes
1018,21,Indore ,3.3,70.0,65.0,Yes,59.0,No
1019,20,Bhopal,6.6,90.0,53.0,Yes,68.0,Yes
1020,20,Pune,4.9,64.0,82.0,Yes,66.0,Yes
1021,23,Indore,4.7,,56.0,Yes,63.0,Yes
1022,19,Bhopal,3.8,76.0,62.0,Yes,54.0,No
1023,24,Pune,7.2,92.0,66.0,No,84.0,Yes
1024,23,Indore,4.7,87.0,53.0,No,81.0,Yes
1025,19,Delhi,4.2,100.0,69.0,Yes,77.0,Yes
1026,20,Indore,4.4,,55.0,Yes,80.0,Yes
1027,19,Pune,6.0,,56.0,Yes,76.0,Yes
1028,19,Pune,5.7,77.0,81.0,Yes,86.0,Yes
1029,20,Indore,5.7,64.0,47.0,Yes,66.0,Yes
1030,18,Delhi,5.8,72.0,28.0,Yes,74.0,Yes
1031,18,Indore,8.9,96.0,85.0,Yes,100.0,Yes
1032,21,Bhopal,4.3,86.0,98.0,Yes,76.0,Yes
1033,22,Delhi,4.1,70.0,56.0,No,70.0,Yes
1034,20,Delhi,3.5,66.0,35.0,Yes,61.0,Yes
1035,24,Indore,6.1,,58.0,No,76.0,Yes
1036,20,Indore,7.0,63.0,58.0,Yes,74.0,Yes
1037,24,Delhi,4.8,70.0,59.0,Yes,64.0,Yes
1038,19,Bhopal,3.5,82.0,46.0,Yes,64.0,Yes
1039,21,Bhopal,3.5,92.0,70.0,Yes,73.0,Yes
1040,23,Indore,6.2,85.0,69.0,Yes,79.0,Yes
1041,18,BHOPAL,6.3,51.0,,Yes,71.0,Yes
1042,24,Pune,6.0,,72.0,No,86.0,Yes
1043,20,Indore,3.8,,91.0,Yes,78.0,Yes
1044,21,Indore,5.4,83.0,64.0,Yes,88.0,Yes
1045,22,Pune,5.2,97.0,57.0,Yes,87.0,Yes
1046,22,Indore,5.4,53.0,60.0,Yes,64.0,Yes
1047,18,Delhi,6.6,71.0,71.0,Yes,93.0,Yes
1048,24,Indore,5.4,85.0,38.0,Yes,70.0,Yes
1049,22,Pune,6.2,59.0,64.0,No,83.0,Yes
1050,24,Delhi,5.1,96.0,57.0,No,79.0,Yes
1051,21,Pune,5.5,82.0,88.0,Yes,81.0,Yes
1052,22,Indore,6.1,88.0,60.0,Yes,72.0,Yes
1053,21,Bhopal,2.4,71.0,85.0,Yes,62.0,Yes
1054,24,Delhi,4.4,88.0,47.0,No,61.0,Yes
1055,23,Indore,4.2,91.0,70.0,Yes,81.0,Yes
1056,24,Indore,3.9,81.0,66.0,Yes,79.0,Yes
1057,21,Indore,4.5,81.0,50.0,Yes,65.0,Yes
1058,23,Pune,7.7,81.0,64.0,Yes,92.0,Yes
1059,20,Delhi,3.4,68.0,79.0,Yes,62.0,Yes
1060,21,Bhopal,6.7,76.0,57.0,Yes,78.0,Yes
1061,23,Delhi,2.0,76.0,38.0,Yes,57.0,No
1062,18,Bhopal,4.4,83.0,,Yes,72.0,Yes
1063,22,Bhopal,5.3,90.0,49.0,No,87.0,Yes
1064,18,Bhopal,6.1,65.0,57.0,Yes,73.0,Yes
1065,22,Bhopal,6.3,76.0,61.0,Yes,87.0,Yes
1066,21,Indore,6.4,96.0,38.0,Yes,82.0,Yes
1067,21,Pune,4.4,69.0,39.0,No,69.0,Yes
1068,21,Delhi,4.2,68.0,69.0,Yes,66.0,Yes
1069,21,Indore,6.5,80.0,55.0,Yes,81.0,Yes
1070,20,Bhopal,4.7,88.0,26.0,Yes,67.0,Yes
1071,21,Indore,2.7,78.0,73.0,Yes,59.0,No
1072,21,Pune,3.0,,66.0,Yes,72.0,Yes
1073,23,Pune,3.3,88.0,52.0,Yes,69.0,Yes
1074,21,Pune,5.9,88.0,44.0,Yes,82.0,Yes
1075,22,Indore,5.3,85.0,74.0,No,89.0,Yes
1076,23,Indore,6.2,100.0,67.0,Yes,96.0,Yes
1077,24,Indore,4.2,76.0,95.0,Yes,74.0,Yes
1078,18,Indore,240.0,54.0,68.0,Yes,73.0,Yes
1079,22,Indore,6.1,97.0,67.0,Yes,82.0,Yes
1080,19,Indore,4.4,73.0,60.0,Yes,70.0,Yes
1081,19,Pune,5.8,79.0,,Yes,78.0,Yes
1082,23,Indore,3.8,94.0,71.0,No,83.0,Yes
1083,18,Indore,4.3,59.0,,Yes,72.0,Yes
1084,23,Delhi,4.3,63.0,,Yes,64.0,Yes
1085,23,Bhopal,2.8,,56.0,Yes,64.0,Yes
1086,24,Delhi,5.9,68.0,55.0,No,62.0,Yes
1087,22,Bhopal,4.2,83.0,73.0,Yes,61.0,Yes
1088,24,Pune,5.0,84.0,83.0,Yes,85.0,Yes
1089,18,Bhopal,5.9,81.0,56.0,No,79.0,Yes
1090,24,Bhopal,5.8,,56.0,Yes,75.0,Yes
1091,19,Delhi,6.2,50.0,66.0,No,67.0,Yes
1092,20,Bhopal,4.8,79.0,59.0,Yes,73.0,Yes
1093,18,Indore,4.2,72.0,75.0,Yes,83.0,Yes
1094,20,Bhopal,4.9,84.0,30.0,Yes,74.0,Yes
1095,23,Indore,2.0,86.0,50.0,No,59.0,No
1096,19,Delhi,2.4,80.0,51.0,Yes,56.0,No
1097,23,Indore,2.6,87.0,30.0,Yes,55.0,No
1098,22,Indore,3.2,81.0,49.0,Yes,50.0,No
1099,22,Indore,5.7,,49.0,Yes,79.0,Yes
1100,24,Delhi,3.4,70.0,59.0,Yes,68.0,Yes
1101,21,Indore,4.3,,78.0,Yes,64.0,Yes
1102,20,Delhi,7.3,80.0,59.0,No,83.0,Yes
1103,24,Pune,4.4,88.0,48.0,Yes,64.0,Yes
1104,21,Indore,6.3,73.0,61.0,Yes,74.0,Yes
1105,22,Delhi,3.3,84.0,77.0,Yes,70.0,Yes
1106,20,Indore,4.6,75.0,48.0,Yes,56.0,No
1107,19,Indore,3.3,77.0,49.0,Yes,66.0,Yes
1108,19,Delhi,4.4,88.0,70.0,Yes,80.0,Yes
1109,19,Pune,6.5,54.0,59.0,Yes,75.0,Yes
1110,19,Indore,1.9,62.0,71.0,Yes,40.0,No
1111,23,Bhopal,5.8,60.0,62.0,Yes,68.0,Yes
1112,18,Indore,5.4,50.0,72.0,Yes,79.0,Yes
1113,22,Bhopal,3.9,70.0,48.0,Yes,47.0,No
1114,24,Bhopal,2.4,87.0,62.0,Yes,60.0,Yes
1115,23,Bhopal,5.1,75.0,59.0,Yes,67.0,Yes
1116,20,Bhopal,4.0,80.0,45.0,Yes,71.0,Yes
1117,18,Indore,5.4,91.0,40.0,No,71.0,Yes
1118,23,Delhi,5.0,94.0,72.0,Yes,83.0,Yes
1119,18,Delhi,7.9,77.0,57.0,Yes,92.0,Yes
1120,22,Delhi,4.6,94.0,48.0,Yes,84.0,Yes
1121,-1,Indore,3.2,79.0,61.0,Yes,63.0,Yes
1122,19,Bhopal,5.3,,78.0,Yes,79.0,Yes
1123,23,Bhopal,5.4,71.0,,Yes,60.0,Yes
1124,19,Indore,7.4,60.0,41.0,Yes,86.0,Yes
1125,19,Indore,6.5,67.0,49.0,No,73.0,Yes
1126,23,Bhopal,5.6,74.0,82.0,Yes,77.0,Yes
1127,24,Delhi,7.6,88.0,66.0,Yes,92.0,Yes
1128,19,Indore,2.9,99.0,,Yes,61.0,Yes
1129,24,Delhi,3.8,,46.0,No,62.0,Yes
1130,24,Bhopal,3.3,83.0,,Yes,69.0,Yes
1131,23,Delhi,4.3,66.0,68.0,Yes,71.0,Yes
1132,18,Bhopal,2.5,84.0,,Yes,53.0,No
1133,20,Bhopal,6.1,76.0,70.0,Yes,81.0,Yes
1134,22,Bhopal,4.6,56.0,59.0,No,71.0,Yes
1135,24,Pune,2.4,89.0,66.0,Yes,52.0,No
1136,23,Bhopal,3.2,71.0,64.0,Yes,57.0,No
1137,20,Bhopal,5.6,72.0,73.0,Yes,84.0,Yes
1138,19,Bhopal,6.5,65.0,73.0,Yes,83.0,Yes
1139,24,Delhi,8.6,70.0,39.0,No,90.0,Yes
1140,19,Indore,10.0,,31.0,Yes,100.0,Yes
1141,20,Bhopal,5.7,76.0,76.0,Yes,83.0,Yes
1142,24,Bhopal,3.2,82.0,79.0,No,73.0,Yes
1143,21,Pune,1.2,82.0,48.0,No,68.0,Yes
1144,19,Bhopal,5.5,94.0,36.0,Yes,75.0,Yes
1145,18,Bhopal,3.5,74.0,63.0,Yes,61.0,Yes
1146,21,Pune,4.3,60.0,75.0,Yes,71.0,Yes
1147,24,Bhopal,3.9,91.0,87.0,Yes,79.0,Yes
1148,21,Indore,4.7,74.0,69.0,Yes,70.0,Yes
1149,22,Indore,6.9,91.0,57.0,Yes,81.0,Yes
1150,19,Indore,5.3,83.0,49.0,No,89.0,Yes
1151,23,Indore,4.7,76.0,62.0,No,74.0,Yes
1152,23,Bhopal,3.1,82.0,58.0,No,60.0,Yes
1153,22,Delhi,2.0,,48.0,No,66.0,Yes
1154,23,Delhi,4.1,100.0,91.0,Yes,80.0,Yes
1155,22,Indore,4.9,79.0,,Yes,78.0,Yes
1156,20,Bhopal,8.2,80.0,78.0,Yes,99.0,Yes
1157,23,Indore,5.2,91.0,,Yes,68.0,Yes
1158,23,Pune,6.8,68.0,74.0,Yes,86.0,Yes
1159,23,Indore,4.1,82.0,71.0,Yes,84.0,Yes
1160,19,Bhopal,2.9,78.0,68.0,Yes,67.0,Yes
1161,22,Indore,3.3,82.0,,Yes,67.0,Yes
1162,18,Bhopal,3.7,68.0,71.0,Yes,64.0,Yes
1163,22,Bhopal,8.8,59.0,72.0,Yes,90.0,Yes
1164,21,Delhi,3.5,53.0,71.0,Yes,60.0,Yes
1165,20,Indore,6.5,65.0,67.0,Yes,78.0,Yes
1166,24,Pune,3.4,72.0,37.0,No,65.0,Yes
1167,24,Bhopal,6.7,74.0,63.0,No,73.0,Yes
1168,18,Delhi,5.7,100.0,54.0,Yes,87.0,Yes
1169,19,Delhi,4.7,91.0,44.0,Yes,70.0,Yes
1170,19,Pune,4.9,66.0,86.0,Yes,78.0,Yes
1171,24,Indore,3.8,82.0,86.0,Yes,67.0,Yes
1172,21,Indore,5.8,73.0,81.0,No,89.0,Yes
1173,23,Indore,4.2,75.0,66.0,Yes,78.0,Yes
1174,23,Indore,2.8,80.0,81.0,Yes,72.0,Yes
1175,23,Bhopal,2.7,85.0,62.0,Yes,54.0,No
1176,18,Pune,5.3,74.0,65.0,Yes,81.0,Yes
1177,18,Pune,7.8,91.0,47.0,No,92.0,Yes
1178,20,Bhopal,5.3,64.0,68.0,Yes,64.0,Yes
1179,20,Bhopal,4.8,78.0,63.0,Yes,73.0,Yes
1180,23,Pune,5.5,100.0,44.0,Yes,81.0,Yes
1181,19,Pune,7.4,,61.0,Yes,91.0,Yes
1182,20,Indore,5.4,95.0,61.0,No,82.0,Yes
1183,19,Bhopal,4.3,79.0,87.0,No,78.0,Yes
1184,19,Delhi,7.0,85.0,75.0,Yes,99.0,Yes
1185,19,Indore,5.8,77.0,62.0,Yes,86.0,Yes
1186,19,Bhopal,7.8,76.0,65.0,Yes,73.0,Yes
1187,21,Pune,5.3,69.0,63.0,Yes,72.0,Yes
1188,20,Pune,2.8,83.0,59.0,No,62.0,Yes
1189,21,Pune,2.5,68.0,47.0,Yes,45.0,No
1190,21,Delhi,8.0,86.0,60.0,Yes,93.0,Yes
1191,23,Indore,8.1,91.0,52.0,No,100.0,Yes
1192,24,Indore,4.7,,44.0,Yes,64.0,Yes
1193,21,Bhopal,4.3,75.0,69.0,Yes,73.0,Yes
1194,22,Bhopal,7.6,,67.0,Yes,85.0,Yes
1195,23,Bhopal,3.0,74.0,37.0,Yes,53.0,No
1196,22,Bhopal,3.4,89.0,60.0,Yes,77.0,Yes
1197,18,Bhopal,6.2,56.0,76.0,Yes,75.0,Yes
1198,24,Delhi,4.3,74.0,77.0,No,75.0,Yes
1199,19,Indore,5.0,54.0,76.0,No,60.0,Yes
1200,20,Indore,4.7,60.0,63.0,Yes,80.0,Yes
1201,22,Indore,5.6,94.0,50.0,Yes,83.0,Yes
1202,20,Indore,7.5,89.0,47.0,Yes,87.0,Yes
1203,19,Pune,5.2,69.0,,No,78.0,Yes
1204,24,Bhopal,6.2,60.0,67.0,Yes,69.0,Yes
1205,18,Indore,1.3,42.0,80.0,Yes,56.0,No
1206,19,Delhi,4.9,71.0,77.0,Yes,73.0,Yes
1207,24,Bhopal,3.5,100.0,60.0,Yes,70.0,Yes
1208,23,Indore,2.8,83.0,45.0,Yes,57.0,No
1209,18,Indore,3.4,71.0,58.0,Yes,60.0,Yes
1210,23,Indore,4.4,84.0,65.0,Yes,77.0,Yes
1211,24,Delhi,6.6,59.0,59.0,No,79.0,Yes
1212,18,Indore,2.6,74.0,54.0,No,63.0,Yes
1213,20,Indore,5.1,79.0,66.0,Yes,76.0,Yes
1214,21,Indore,4.1,77.0,55.0,Yes,71.0,Yes
1215,18,Bhopal,4.4,87.0,53.0,Yes,69.0,Yes
1216,19,Indore,6.8,82.0,66.0,No,99.0,Yes
1217,19,Delhi,6.0,86.0,56.0,Yes,71.0,Yes
1218,19,Indore,7.4,70.0,65.0,No,94.0,Yes
1219,20,Bhopal,4.7,89.0,66.0,Yes,85.0,Yes
1220,21,Bhopal,3.7,98.0,46.0,No,64.0,Yes
1221,19,Bhopal,4.6,66.0,55.0,Yes,81.0,Yes
1222,20,Indore,5.4,,82.0,Yes,84.0,Yes
1223,19,Delhi,5.3,,46.0,Yes,83.0,Yes
1224,23,Pune,3.0,76.0,32.0,Yes,57.0,No
1225,19,Indore,5.2,95.0,36.0,Yes,73.0,Yes
1226,24,Indore,5.4,73.0,62.0,Yes,74.0,Yes
1227,21,Pune,9.5,95.0,62.0,Yes,100.0,Yes
1228,23,Bhopal,8.4,80.0,60.0,Yes,100.0,Yes
1229,22,Indore,3.5,81.0,79.0,Yes,71.0,Yes
1230,19,Indore,4.5,97.0,25.0,Yes,64.0,Yes
1231,22,Delhi,2.4,74.0,68.0,No,65.0,Yes
1232,19,Delhi,3.9,67.0,84.0,Yes,76.0,Yes
1233,18,Bhopal,5.6,73.0,46.0,Yes,77.0,Yes
1234,19,Pune,7.2,83.0,57.0,No,91.0,Yes
1235,19,Bhopal,3.7,59.0,51.0,No,59.0,No
1236,18,Indore,3.8,86.0,49.0,Yes,62.0,Yes
1237,18,Bhopal,1.1,72.0,57.0,No,45.0,No
1238,24,Indore,4.7,92.0,82.0,Yes,70.0,Yes
1239,21,Indore,3.1,49.0,88.0,Yes,63.0,Yes
1240,20,Indore,4.0,69.0,57.0,Yes,65.0,Yes
1241,24,Indore,3.4,58.0,89.0,Yes,63.0,Yes
1242,19,Delhi,4.8,68.0,62.0,Yes,53.0,No
1243,20,Indore,1.8,81.0,87.0,Yes,55.0,No
1244,23,Bhopal,2.4,76.0,61.0,Yes,66.0,Yes
1245,22,Bhopal,8.8,75.0,64.0,Yes,91.0,Yes
1246,20,Bhopal,2.7,76.0,67.0,Yes,64.0,Yes
1247,19,Delhi,3.0,80.0,100.0,Yes,63.0,Yes
1248,18,Delhi,8.3,,74.0,Yes,100.0,Yes
1249,18,Delhi,10.0,86.0,52.0,Yes,100.0,Yes
1250,19,Indore,2.9,86.0,76.0,Yes,69.0,Yes
1251,23,Bhopal,4.3,83.0,57.0,Yes,85.0,Yes
1252,22,Bhopal,5.6,85.0,55.0,Yes,87.0,Yes
1253,21,Indore,8.1,82.0,75.0,Yes,93.0,Yes
1254,23,Indore,3.2,100.0,62.0,No,66.0,Yes
1255,19,Indore,4.6,77.0,66.0,Yes,71.0,Yes
1256,19,Bhopal,6.4,74.0,62.0,No,84.0,Yes
1257,20,Bhopal,5.8,69.0,67.0,Yes,77.0,Yes
1258,24,Indore,4.3,66.0,68.0,Yes,66.0,Yes
1259,22,Delhi,4.8,63.0,35.0,Yes,73.0,Yes
1260,23,Pune,2.5,67.0,71.0,Yes,59.0,No
1261,19,Indore,4.6,77.0,48.0,No,83.0,Yes
1262,23,Pune,4.5,82.0,42.0,No,69.0,Yes
1263,18,Indore,5.4,79.0,61.0,No,87.0,Yes
1264,19,Pune,4.0,69.0,63.0,Yes,69.0,Yes
1265,21,Pune,5.8,89.0,52.0,Yes,85.0,Yes
1266,18,Indore,6.8,87.0,74.0,Yes,85.0,Yes
1267,24,Delhi,5.3,76.0,43.0,Yes,67.0,Yes
1268,24,Pune,5.6,70.0,56.0,Yes,77.0,Yes
1269,21,Pune,5.1,85.0,54.0,Yes,81.0,Yes
1270,20,Pune,5.0,80.0,61.0,Yes,75.0,Yes
1271,18,Bhopal,3.7,61.0,66.0,No,56.0,No
1272,22,Indore,5.6,77.0,48.0,Yes,66.0,Yes
1273,21,Delhi,4.8,81.0,72.0,Yes,67.0,Yes
1274,23,Bhopal,8.8,67.0,63.0,Yes,82.0,Yes
1275,22,Bhopal,7.8,80.0,36.0,Yes,86.0,Yes
1276,18,Bhopal,5.7,61.0,35.0,Yes,75.0,Yes
1277,18,Bhopal,3.6,94.0,62.0,Yes,71.0,Yes
1278,23,Indore,3.0,,59.0,Yes,53.0,No
1279,19,Delhi,7.1,75.0,61.0,Yes,84.0,Yes
1280,24,Indore,5.5,82.0,62.0,No,77.0,Yes
1281,18,Delhi,5.9,49.0,65.0,Yes,85.0,Yes
1282,23,Delhi,1.9,64.0,75.0,Yes,48.0,No
1283,24,Bhopal,6.7,74.0,46.0,Yes,77.0,Yes
1284,21,Bhopal,5.8,65.0,46.0,Yes,83.0,Yes
1285,18,Indore,3.0,87.0,47.0,Yes,65.0,Yes
1286,24,Pune,4.2,100.0,66.0,Yes,80.0,Yes
1287,19,Delhi,5.5,,79.0,Yes,78.0,Yes
1288,21,Indore,5.1,68.0,56.0,Yes,73.0,Yes
1289,24,Indore,4.5,81.0,27.0,Yes,70.0,Yes
1290,23,Indore,4.8,97.0,38.0,Yes,68.0,Yes
1291,18,Bhopal,4.5,63.0,50.0,No,71.0,Yes
1292,23,Pune,5.3,81.0,54.0,Yes,67.0,Yes
1293,19,Delhi,7.6,100.0,56.0,Yes,95.0,Yes
1294,23,Indore,0.5,58.0,63.0,No,46.0,No
1295,22,Pune,4.6,63.0,58.0,Yes,64.0,Yes
1296,20,Indore,5.3,73.0,77.0,Yes,78.0,Yes
1297,20,Pune,5.5,72.0,53.0,No,70.0,Yes
1298,18,Indore,4.3,,50.0,Yes,64.0,Yes
1299,24,Bhopal,1.8,81.0,69.0,Yes,57.0,No
1300,19,Pune,5.6,57.0,41.0,Yes,62.0,Yes
1190,21,Delhi,8.0,86.0,60.0,Yes,93.0,Yes
1124,19,Indore,7.4,60.0,41.0,Yes,86.0,Yes
1186,19,Bhopal,7.8,76.0,65.0,Yes,73.0,Yes
1214,21,Indore,4.1,77.0,55.0,Yes,71.0,Yes
1107,19,Indore,3.3,77.0,49.0,Yes,66.0,Yes
1128,19,Indore,2.9,99.0,,Yes,61.0,Yes
